epoch,time,train/box_loss,train/seg_loss,train/cls_loss,train/dfl_loss,metrics/precision(B),metrics/recall(B),metrics/mAP50(B),metrics/mAP50-95(B),metrics/precision(M),metrics/recall(M),metrics/mAP50(M),metrics/mAP50-95(M),val/box_loss,val/seg_loss,val/cls_loss,val/dfl_loss,lr/pg0,lr/pg1,lr/pg2
1,44.5389,1.07969,2.38742,5.23203,1.18599,0,0,0,0,0,0,0,0,0.86708,2.12249,5.06049,1.05544,0.00327684,0.00327684,0.00327684
2,68.7208,0.99212,1.99488,4.86955,1.10452,0.01405,0.03649,0.01184,0.00885,0.01366,0.03568,0.01148,0.00812,1.04656,2.32152,4.71853,1.21816,0.00659708,0.00659708,0.00659708
3,97.1792,1.12101,2.06676,4.16159,1.17563,0.43656,0.05503,0.01353,0.00906,0.43597,0.05194,0.01253,0.00751,1.33418,3.66439,4.13173,1.45924,0.00990413,0.00990413,0.00990413
4,144.742,1.16578,2.11752,3.49642,1.22126,0.32621,0.07454,0.01822,0.0126,0.32501,0.07114,0.01732,0.01073,1.29317,3.59647,inf,1.41993,0.0099406,0.0099406,0.0099406
5,173.975,1.12377,2.07208,3.23751,1.20678,0.31687,0.07763,0.02668,0.0177,0.31816,0.07182,0.02467,0.01418,1.24904,3.50325,3.55466,1.38895,0.0099208,0.0099208,0.0099208
6,207.124,1.08059,1.97013,3.03529,1.18237,0.34139,0.09591,0.03747,0.02534,0.34073,0.09397,0.03698,0.02284,1.17803,2.65656,3.22682,1.30055,0.009901,0.009901,0.009901
7,236.952,1.0748,1.94653,2.97603,1.17664,0.3453,0.09248,0.04692,0.03175,0.34296,0.09152,0.04644,0.02875,1.11555,2.51134,3.08035,1.27543,0.0098812,0.0098812,0.0098812
8,266.308,1.07434,1.94319,2.89858,1.17078,0.32556,0.09384,0.04813,0.03276,0.32421,0.09112,0.04707,0.02873,1.14881,2.44133,2.99222,1.31432,0.0098614,0.0098614,0.0098614
9,300.477,1.03017,1.82314,2.73357,1.15514,0.32526,0.10041,0.04977,0.03377,0.32402,0.09861,0.04777,0.02929,1.12169,2.58414,3.0809,1.24647,0.0098416,0.0098416,0.0098416
10,329.247,1.02327,1.84466,2.74948,1.15139,0.3112,0.08857,0.04711,0.03086,0.31111,0.08603,0.04589,0.02774,1.16111,2.53173,3.08109,1.31967,0.0098218,0.0098218,0.0098218
11,358.48,1.04225,1.86125,2.6638,1.15577,0.29713,0.12842,0.0601,0.042,0.29629,0.12787,0.06032,0.03952,1.04927,2.13991,3.08757,1.21991,0.009802,0.009802,0.009802
12,390.058,1.0288,1.80479,2.6058,1.13622,0.29201,0.13533,0.06955,0.04877,0.29134,0.13436,0.06921,0.04371,1.0609,2.20748,2.86129,1.22432,0.0097822,0.0097822,0.0097822
13,417.279,1.02781,1.81031,2.58533,1.14559,0.33712,0.11378,0.06944,0.04761,0.33696,0.11332,0.06921,0.04452,1.08649,2.2325,2.82566,1.26753,0.0097624,0.0097624,0.0097624
14,449.422,1.00436,1.76629,2.54806,1.13279,0.30203,0.12882,0.07795,0.05482,0.30098,0.12538,0.07731,0.04928,1.0135,2.14437,2.67747,1.18196,0.0097426,0.0097426,0.0097426
15,479.006,0.99922,1.78734,2.56758,1.1305,0.30701,0.14259,0.07067,0.0484,0.31689,0.14015,0.07012,0.04399,1.12396,2.22232,2.95856,1.28218,0.0097228,0.0097228,0.0097228
16,506.074,0.98851,1.73969,2.49247,1.12179,0.28269,0.13339,0.07859,0.05494,0.28327,0.13167,0.07796,0.04951,1.00779,2.07185,2.70638,1.19573,0.009703,0.009703,0.009703
17,535.357,0.99883,1.76319,2.45865,1.12466,0.31523,0.12753,0.08082,0.05743,0.31513,0.12557,0.0803,0.05316,1.01494,2.07571,2.74258,1.19299,0.0096832,0.0096832,0.0096832
18,563.432,0.98539,1.73024,2.46104,1.12229,0.35654,0.13729,0.08591,0.05804,0.35542,0.13416,0.08505,0.05364,1.0473,2.04621,2.66994,1.22301,0.0096634,0.0096634,0.0096634
19,591.524,0.97196,1.71386,2.3852,1.10628,0.24883,0.11471,0.07336,0.05007,0.25029,0.1137,0.07333,0.04611,1.11315,2.19615,2.84743,1.27039,0.0096436,0.0096436,0.0096436
20,620.602,0.97478,1.71038,2.41788,1.1202,0.3324,0.16509,0.09672,0.06743,0.33081,0.16229,0.09633,0.06191,1.00992,1.99864,2.61146,1.19193,0.0096238,0.0096238,0.0096238
21,648.032,0.96416,1.70304,2.39706,1.11066,0.35016,0.14194,0.0963,0.06674,0.35043,0.14248,0.09558,0.06136,1.01402,2.0568,2.59949,1.20327,0.009604,0.009604,0.009604
22,676.427,0.96887,1.70366,2.35407,1.1137,0.3518,0.15984,0.10932,0.07823,0.35295,0.15936,0.10903,0.07299,0.9967,1.92737,2.48012,1.18114,0.0095842,0.0095842,0.0095842
23,704.161,0.97486,1.71854,2.34477,1.10796,0.34336,0.1548,0.10798,0.07766,0.34248,0.15344,0.10753,0.07073,0.96448,1.98031,2.48781,1.14326,0.0095644,0.0095644,0.0095644
24,731.522,0.9677,1.69266,2.35518,1.10936,0.31538,0.12201,0.07957,0.05338,0.32796,0.11998,0.07956,0.05005,1.07747,2.08812,2.79357,1.25889,0.0095446,0.0095446,0.0095446
25,758.257,0.96701,1.66233,2.27585,1.10386,0.33269,0.10687,0.06901,0.0492,0.33214,0.1071,0.06917,0.04575,0.99204,1.98561,3.16883,1.19649,0.0095248,0.0095248,0.0095248
26,785.171,0.9544,1.66037,2.26282,1.0962,0.29931,0.15184,0.1072,0.07683,0.29912,0.14925,0.10627,0.07092,0.9797,1.96384,2.62578,1.19301,0.009505,0.009505,0.009505
27,812.376,0.94584,1.6473,2.25178,1.09848,0.28578,0.15163,0.10054,0.07147,0.28598,0.15027,0.10068,0.06747,0.98102,1.86622,2.60646,1.18133,0.0094852,0.0094852,0.0094852
28,841.5,0.95717,1.66597,2.25483,1.10187,0.32354,0.16043,0.10711,0.07712,0.3244,0.15738,0.10632,0.07058,0.94774,1.89118,2.48995,1.14229,0.0094654,0.0094654,0.0094654
29,868.875,0.9351,1.62559,2.21601,1.09659,0.31246,0.14801,0.09693,0.06919,0.31389,0.14629,0.09633,0.06421,1.00063,2.0631,2.7524,1.19919,0.0094456,0.0094456,0.0094456
30,896.051,0.93672,1.63407,2.20229,1.09296,0.27328,0.15776,0.09953,0.06904,0.26764,0.15666,0.09749,0.06343,1.02011,1.9434,2.68796,1.20085,0.0094258,0.0094258,0.0094258
31,924.633,0.93541,1.63446,2.15501,1.08484,0.28129,0.15411,0.09338,0.06603,0.28268,0.15437,0.0933,0.06236,0.97889,1.93714,2.70254,1.17932,0.009406,0.009406,0.009406
32,952.322,0.93426,1.6201,2.18036,1.09288,0.29281,0.16252,0.10729,0.07474,0.29263,0.16077,0.10656,0.06897,1.00668,1.97064,2.49678,1.19498,0.0093862,0.0093862,0.0093862
33,979.557,0.93421,1.62315,2.17083,1.0909,0.2391,0.15535,0.10312,0.07304,0.23732,0.15422,0.10168,0.06703,0.98283,1.94629,2.61272,1.16981,0.0093664,0.0093664,0.0093664
34,1007.96,0.92949,1.6221,2.0986,1.08463,0.31922,0.16994,0.11088,0.07906,0.31949,0.16954,0.11087,0.07252,0.94018,1.87197,2.54696,1.13679,0.0093466,0.0093466,0.0093466
35,1035.44,0.93804,1.6284,2.10762,1.08595,0.31421,0.16273,0.11808,0.08677,0.31451,0.1605,0.11736,0.08069,0.92747,1.81317,2.4483,1.13448,0.0093268,0.0093268,0.0093268
36,1062.05,0.93048,1.60326,2.11496,1.093,0.32419,0.16355,0.11399,0.08044,0.32658,0.16179,0.11366,0.07461,0.99794,1.97157,2.69223,1.1838,0.009307,0.009307,0.009307
37,1090.19,0.91619,1.57288,2.07261,1.08335,0.31934,0.1507,0.10506,0.07366,0.31898,0.15331,0.1054,0.06916,0.96072,1.94695,2.65978,1.1781,0.0092872,0.0092872,0.0092872
38,1116.84,0.90756,1.58095,2.02821,1.07031,0.31901,0.17373,0.1248,0.08626,0.32033,0.17311,0.12393,0.08014,0.96855,1.93772,2.40198,1.1695,0.0092674,0.0092674,0.0092674
39,1143.9,0.91567,1.58241,2.03026,1.07438,0.30194,0.15774,0.10783,0.07514,0.30088,0.15677,0.10668,0.06873,1.00171,1.94427,2.58018,1.1947,0.0092476,0.0092476,0.0092476
40,1171.08,0.92348,1.58103,2.01899,1.07901,0.36523,0.17345,0.12404,0.08946,0.36546,0.17168,0.12378,0.08223,0.93072,1.87488,2.43464,1.13759,0.0092278,0.0092278,0.0092278
41,1200.35,0.92079,1.59458,2.01391,1.07973,0.30668,0.1881,0.12668,0.0915,0.30685,0.18902,0.12713,0.08505,0.93835,1.82613,2.55221,1.14129,0.009208,0.009208,0.009208
42,1227.76,0.92236,1.5854,2.00255,1.08199,0.28658,0.15901,0.11061,0.07837,0.29732,0.1575,0.10958,0.07232,0.96423,1.95409,2.7252,1.17533,0.0091882,0.0091882,0.0091882
43,1254.57,0.88352,1.52817,2.01391,1.07203,0.3226,0.17307,0.13129,0.09326,0.32609,0.17116,0.13249,0.08663,0.99704,1.91919,2.42286,1.17511,0.0091684,0.0091684,0.0091684
44,1281.37,0.90352,1.56547,2.04973,1.07633,0.29902,0.16629,0.11662,0.08363,0.30103,0.16587,0.11707,0.07853,0.95882,1.83436,2.56989,1.16006,0.0091486,0.0091486,0.0091486
45,1308.45,0.89345,1.54363,2.02104,1.07626,0.32429,0.16172,0.12586,0.09108,0.33339,0.16097,0.12659,0.08646,0.93088,1.82018,2.45461,1.1504,0.0091288,0.0091288,0.0091288
46,1335.65,0.90504,1.56408,2.00967,1.07082,0.33113,0.17517,0.13077,0.09275,0.33097,0.17514,0.13008,0.08429,0.93643,1.89273,2.3866,1.1412,0.009109,0.009109,0.009109
47,1362.63,0.91346,1.54606,1.96456,1.07946,0.34265,0.18407,0.13686,0.10069,0.34338,0.18368,0.13675,0.09314,0.92063,1.77988,2.42361,1.13577,0.0090892,0.0090892,0.0090892
48,1389.62,0.89954,1.53182,1.94837,1.06833,0.31812,0.16647,0.12079,0.08556,0.31734,0.16555,0.11998,0.0799,0.94761,1.97141,2.53682,1.16546,0.0090694,0.0090694,0.0090694
49,1416.21,0.90638,1.56835,1.9567,1.07104,0.28881,0.1727,0.12462,0.08791,0.29622,0.16992,0.12294,0.08133,0.953,1.89571,2.56885,1.16132,0.0090496,0.0090496,0.0090496
50,1444.04,0.89719,1.54787,1.93285,1.06803,0.28341,0.188,0.1272,0.09287,0.28538,0.18746,0.12716,0.08403,0.94449,1.88159,2.45122,1.14113,0.0090298,0.0090298,0.0090298
51,1471.32,0.89556,1.52603,1.91247,1.06726,0.33652,0.18118,0.12912,0.09108,0.34244,0.17787,0.13097,0.08477,0.93977,1.82858,2.43441,1.14821,0.00901,0.00901,0.00901
52,1497.74,0.89342,1.53389,1.91388,1.06459,0.27804,0.16153,0.11279,0.07857,0.27835,0.16077,0.11275,0.07361,0.99375,2.01587,2.64338,1.19848,0.0089902,0.0089902,0.0089902
53,1524.65,0.89666,1.53708,1.91991,1.06579,0.3136,0.18281,0.13175,0.09411,0.31631,0.18215,0.13217,0.08792,0.97515,1.91086,2.53851,1.18115,0.0089704,0.0089704,0.0089704
54,1552.45,0.88539,1.51547,1.884,1.06095,0.31907,0.17862,0.12778,0.0922,0.31918,0.17633,0.12719,0.08448,0.94692,1.86394,2.5209,1.16333,0.0089506,0.0089506,0.0089506
55,1579.57,0.89763,1.5196,1.85928,1.06848,0.3015,0.16732,0.13048,0.09468,0.30185,0.16672,0.13006,0.08879,0.92575,1.82211,2.49788,1.15453,0.0089308,0.0089308,0.0089308
56,1606.96,0.88133,1.50342,1.82212,1.05674,0.33262,0.18383,0.14701,0.10814,0.33469,0.18432,0.14778,0.10088,0.92616,1.77971,2.35498,1.1428,0.008911,0.008911,0.008911
57,1633.49,0.88043,1.51542,1.88892,1.07037,0.3131,0.18182,0.13472,0.09602,0.31315,0.18315,0.13516,0.09024,0.95245,1.84255,2.42786,1.16786,0.0088912,0.0088912,0.0088912
58,1660.39,0.88547,1.50538,1.85604,1.06187,0.30381,0.18902,0.13409,0.09745,0.30215,0.1904,0.13421,0.092,0.93396,1.82204,2.57447,1.14867,0.0088714,0.0088714,0.0088714
59,1686.74,0.86727,1.47377,1.82796,1.05698,0.31343,0.15953,0.11703,0.08207,0.31466,0.15919,0.11767,0.07647,0.97821,1.9258,2.71597,1.19055,0.0088516,0.0088516,0.0088516
60,1713.11,0.88281,1.49821,1.80361,1.05761,0.32791,0.18114,0.13345,0.09422,0.32928,0.18226,0.13429,0.08723,0.94556,1.86174,2.44175,1.15169,0.0088318,0.0088318,0.0088318
61,1740.59,0.90425,1.54243,1.76573,1.05721,0.32067,0.20524,0.14318,0.10513,0.32072,0.20487,0.14374,0.09889,0.89327,1.72036,2.33266,1.11937,0.008812,0.008812,0.008812
62,1767.05,0.88221,1.49978,1.80785,1.05265,0.3019,0.17254,0.11969,0.08495,0.30758,0.16944,0.12114,0.0789,0.9499,1.87222,2.51098,1.16352,0.0087922,0.0087922,0.0087922
63,1793.91,0.88018,1.50269,1.82134,1.05988,0.30729,0.18363,0.14137,0.1045,0.30795,0.1853,0.14191,0.09748,0.8984,1.78978,2.35489,1.12831,0.0087724,0.0087724,0.0087724
64,1820.69,0.86128,1.47654,1.78089,1.05325,0.28857,0.18534,0.13078,0.09514,0.28959,0.18532,0.13091,0.089,0.92852,1.77016,2.53911,1.15456,0.0087526,0.0087526,0.0087526
65,1847.21,0.87405,1.46539,1.77768,1.05287,0.28862,0.16886,0.1277,0.09194,0.30051,0.16888,0.1286,0.08645,0.93552,1.79968,2.58269,1.15384,0.0087328,0.0087328,0.0087328
66,1873.67,0.86221,1.47309,1.80291,1.05613,0.30868,0.18313,0.13838,0.0992,0.31147,0.18401,0.13953,0.09313,0.92283,1.78913,2.45588,1.14715,0.008713,0.008713,0.008713
67,1899.76,0.86237,1.47574,1.74019,1.05106,0.32389,0.193,0.14478,0.10442,0.32454,0.19469,0.14512,0.09719,0.92836,1.91152,2.50025,1.15306,0.0086932,0.0086932,0.0086932
68,1927.09,0.8706,1.47887,1.7379,1.0512,0.28335,0.19528,0.13247,0.09588,0.28499,0.19522,0.13381,0.0893,0.92498,1.80446,2.45856,1.13573,0.0086734,0.0086734,0.0086734
69,1953.69,0.86168,1.44972,1.72696,1.0495,0.34566,0.17449,0.136,0.09946,0.35015,0.17597,0.13716,0.09246,0.92656,1.82923,2.49237,1.14336,0.0086536,0.0086536,0.0086536
70,1981.07,0.85215,1.44392,1.71462,1.04716,0.28868,0.18482,0.12965,0.09301,0.29293,0.18499,0.13159,0.08773,0.92852,1.83012,2.46224,1.1444,0.0086338,0.0086338,0.0086338
71,2007.88,0.87861,1.46756,1.72233,1.04681,0.2984,0.1971,0.14321,0.10364,0.30178,0.19566,0.14411,0.09668,0.90624,1.77888,2.36615,1.13429,0.008614,0.008614,0.008614
72,2034.42,0.86662,1.4651,1.70026,1.04291,0.30693,0.19438,0.14687,0.1072,0.3077,0.19587,0.14736,0.10121,0.92375,1.79544,2.42491,1.14489,0.0085942,0.0085942,0.0085942
73,2061.4,0.87013,1.45393,1.68672,1.04026,0.32161,0.17595,0.13286,0.09789,0.3235,0.17705,0.13357,0.09231,0.91818,1.80646,2.52955,1.142,0.0085744,0.0085744,0.0085744
74,2087.78,0.85604,1.4429,1.66629,1.04162,0.32033,0.18862,0.14685,0.10595,0.32564,0.1894,0.14828,0.10045,0.94729,1.7992,2.377,1.16123,0.0085546,0.0085546,0.0085546
75,2113.95,0.86491,1.44757,1.66259,1.04584,0.30251,0.19573,0.14467,0.10422,0.3008,0.19627,0.14473,0.09681,0.90652,1.8038,2.38521,1.13843,0.0085348,0.0085348,0.0085348
76,2140.33,0.85849,1.429,1.70448,1.04134,0.29253,0.18782,0.14492,0.10373,0.2944,0.18612,0.14521,0.09685,0.92537,1.82761,2.39562,1.15435,0.008515,0.008515,0.008515
77,2166.58,0.84041,1.40514,1.66803,1.04212,0.32683,0.2031,0.14676,0.10882,0.32909,0.20427,0.14789,0.10168,0.91332,1.79131,2.44715,1.13625,0.0084952,0.0084952,0.0084952
78,2193.12,0.83811,1.39957,1.66513,1.03807,0.30364,0.18936,0.14169,0.10266,0.30402,0.18964,0.14211,0.09683,0.92149,1.83039,2.45279,1.14665,0.0084754,0.0084754,0.0084754
79,2219.43,0.84949,1.42461,1.6704,1.04595,0.31717,0.19149,0.14284,0.10235,0.32259,0.19402,0.14459,0.096,0.95546,1.82849,2.41092,1.16975,0.0084556,0.0084556,0.0084556
80,2245.85,0.86157,1.44079,1.64003,1.04225,0.33895,0.18707,0.14512,0.10564,0.34322,0.18436,0.14574,0.09929,0.91999,1.77375,2.40527,1.1363,0.0084358,0.0084358,0.0084358
81,2272.33,0.85671,1.44206,1.64277,1.04308,0.31189,0.1908,0.14252,0.10256,0.31802,0.18771,0.14293,0.09482,0.93005,1.85035,2.50224,1.14287,0.008416,0.008416,0.008416
82,2298.85,0.86176,1.4453,1.62152,1.04058,0.34935,0.20263,0.15763,0.11457,0.35422,0.20159,0.15799,0.10752,0.89842,1.7401,2.31225,1.12851,0.0083962,0.0083962,0.0083962
83,2324.94,0.82983,1.38751,1.63317,1.03581,0.27464,0.18379,0.13135,0.09232,0.2779,0.18158,0.13217,0.08648,0.95058,1.88395,2.63168,1.16978,0.0083764,0.0083764,0.0083764
84,2351.61,0.86395,1.45179,1.63078,1.04521,0.32708,0.1869,0.14838,0.10835,0.32967,0.18429,0.14854,0.10203,0.89864,1.74394,2.31694,1.13583,0.0083566,0.0083566,0.0083566
85,2378.01,0.84459,1.42693,1.64575,1.0382,0.28482,0.19592,0.14993,0.10991,0.28707,0.19765,0.15128,0.10345,0.90456,1.78308,2.37084,1.13228,0.0083368,0.0083368,0.0083368
86,2404.19,0.85111,1.40395,1.58336,1.03837,0.29936,0.17996,0.14287,0.10234,0.30316,0.17838,0.14366,0.09505,0.92915,1.84656,2.45482,1.15771,0.008317,0.008317,0.008317
87,2430.79,0.84351,1.43746,1.6195,1.03811,0.3322,0.16726,0.13872,0.10064,0.33085,0.16725,0.13902,0.09448,0.93598,1.86573,2.57623,1.15826,0.0082972,0.0082972,0.0082972
88,2457.03,0.85707,1.43557,1.61108,1.04194,0.30973,0.19492,0.15187,0.10959,0.3106,0.19587,0.15302,0.1038,0.92145,1.81098,2.40255,1.15412,0.0082774,0.0082774,0.0082774
89,2483.33,0.86195,1.4445,1.58158,1.03467,0.29977,0.1955,0.1445,0.10463,0.30206,0.19309,0.14513,0.09879,0.90723,1.80812,2.46475,1.13522,0.0082576,0.0082576,0.0082576
90,2509.49,0.85035,1.4204,1.5801,1.03537,0.2975,0.20029,0.15525,0.11265,0.299,0.20053,0.15612,0.10691,0.92326,1.80373,2.38978,1.15247,0.0082378,0.0082378,0.0082378
91,2535.57,0.84822,1.42178,1.55782,1.02881,0.3019,0.1976,0.14924,0.10611,0.30731,0.1993,0.15222,0.10136,0.92249,1.76047,2.43195,1.14734,0.008218,0.008218,0.008218
92,2562.29,0.83884,1.39774,1.58429,1.03563,0.31793,0.17168,0.14429,0.10461,0.32173,0.17235,0.14541,0.09792,0.91136,1.83611,2.5093,1.15018,0.0081982,0.0081982,0.0081982
93,2588.79,0.84175,1.38386,1.53154,1.02807,0.31367,0.20432,0.15208,0.1117,0.31588,0.20368,0.15341,0.1046,0.88203,1.77199,2.40159,1.12126,0.0081784,0.0081784,0.0081784
94,2615.15,0.84567,1.41748,1.56764,1.03491,0.2985,0.18488,0.14032,0.10039,0.30178,0.18233,0.14087,0.09424,0.92363,1.83084,2.56194,1.15774,0.0081586,0.0081586,0.0081586
95,2641.31,0.83916,1.40471,1.55242,1.03515,0.34722,0.18984,0.1545,0.11041,0.35512,0.19367,0.15517,0.10367,0.93716,1.84686,2.4381,1.16301,0.0081388,0.0081388,0.0081388
96,2667.69,0.85042,1.41402,1.59072,1.04037,0.30211,0.19173,0.14834,0.1065,0.30536,0.19037,0.14917,0.10058,0.93134,1.79888,2.46637,1.15274,0.008119,0.008119,0.008119
97,2693.84,0.84626,1.39166,1.54535,1.03747,0.3267,0.20268,0.15856,0.11628,0.32911,0.19989,0.1596,0.10886,0.89343,1.7901,2.38037,1.1259,0.0080992,0.0080992,0.0080992
98,2720.16,0.82869,1.3977,1.55609,1.03232,0.30217,0.19694,0.15395,0.11129,0.30414,0.19671,0.15481,0.10428,0.91069,1.77579,2.36201,1.13871,0.0080794,0.0080794,0.0080794
99,2746.94,0.84624,1.40023,1.51723,1.03115,0.32495,0.20756,0.16569,0.11981,0.32758,0.20776,0.16661,0.1132,0.90096,1.78301,2.31998,1.13079,0.0080596,0.0080596,0.0080596
100,2773.33,0.82192,1.37216,1.51999,1.02619,0.33774,0.20279,0.16123,0.11453,0.34316,0.20187,0.16387,0.10904,0.90366,1.75338,2.33466,1.13971,0.0080398,0.0080398,0.0080398
101,2799.71,0.82767,1.36934,1.49969,1.02464,0.29533,0.19145,0.1472,0.10478,0.29973,0.19152,0.14941,0.09911,0.92344,1.82797,2.44652,1.15758,0.00802,0.00802,0.00802
102,2826.08,0.8416,1.40016,1.54005,1.03413,0.31559,0.19568,0.15778,0.11378,0.31711,0.19464,0.16007,0.10746,0.90799,1.79771,2.36319,1.14007,0.0080002,0.0080002,0.0080002
103,2851.97,0.83273,1.36267,1.51565,1.031,0.30486,0.20037,0.14877,0.1074,0.31212,0.19689,0.15059,0.10052,0.91247,1.81616,2.50336,1.14871,0.0079804,0.0079804,0.0079804
104,2878.57,0.83455,1.37664,1.50458,1.02693,0.322,0.21318,0.16115,0.11889,0.32468,0.21306,0.16268,0.11224,0.88825,1.74188,2.30171,1.12159,0.0079606,0.0079606,0.0079606
105,2904.82,0.8196,1.34802,1.51225,1.02414,0.29487,0.20887,0.15657,0.11469,0.29956,0.20909,0.15794,0.10852,0.91091,1.78461,2.37606,1.14944,0.0079408,0.0079408,0.0079408
106,2931,0.83046,1.35148,1.49553,1.02148,0.29446,0.19308,0.14767,0.10644,0.30344,0.18655,0.14894,0.10133,0.92218,1.79356,2.47695,1.15821,0.007921,0.007921,0.007921
107,2957.47,0.83008,1.35938,1.4782,1.02915,0.31438,0.19939,0.16059,0.11571,0.32097,0.19843,0.16237,0.1102,0.90774,1.79627,2.39987,1.14562,0.0079012,0.0079012,0.0079012
108,2983.76,0.8237,1.36947,1.49538,1.02298,0.33312,0.19838,0.15708,0.11392,0.33707,0.19893,0.15805,0.10566,0.90548,1.81222,2.42951,1.13779,0.0078814,0.0078814,0.0078814
109,3009.99,0.82821,1.37921,1.43763,1.0137,0.32044,0.21335,0.16248,0.11741,0.32525,0.20797,0.16299,0.11029,0.91238,1.77681,2.44998,1.14621,0.0078616,0.0078616,0.0078616
110,3036.39,0.83899,1.38419,1.48669,1.02069,0.31314,0.21361,0.16478,0.1199,0.31688,0.21199,0.16666,0.11279,0.88967,1.72932,2.32156,1.12995,0.0078418,0.0078418,0.0078418
111,3062.89,0.84153,1.39348,1.44719,1.01996,0.32104,0.19669,0.16078,0.11678,0.32704,0.19475,0.1625,0.10982,0.89571,1.77715,2.36626,1.13382,0.007822,0.007822,0.007822
112,3089.22,0.81949,1.38694,1.50553,1.01718,0.3199,0.19657,0.15871,0.11456,0.32345,0.19769,0.16053,0.10862,0.90096,1.75884,2.36107,1.13635,0.0078022,0.0078022,0.0078022
113,3115.62,0.82788,1.37459,1.47306,1.02485,0.29748,0.1905,0.16007,0.11759,0.2982,0.19137,0.16091,0.1122,0.89696,1.76523,2.42408,1.13676,0.0077824,0.0077824,0.0077824
114,3142.06,0.8148,1.3496,1.47026,1.02371,0.30484,0.19689,0.16053,0.11656,0.32151,0.19511,0.1623,0.11007,0.91105,1.80106,2.37907,1.14626,0.0077626,0.0077626,0.0077626
115,3168.24,0.82325,1.35645,1.44885,1.01981,0.31078,0.19704,0.16332,0.1171,0.30384,0.20791,0.16522,0.11108,0.89806,1.77274,2.34461,1.14129,0.0077428,0.0077428,0.0077428
116,3194.82,0.83243,1.37291,1.44131,1.0209,0.29876,0.19474,0.15899,0.11604,0.29949,0.1964,0.16014,0.10907,0.89767,1.80538,2.45254,1.13628,0.007723,0.007723,0.007723
117,3220.89,0.81928,1.35417,1.42168,1.01759,0.30661,0.19929,0.15772,0.11356,0.3325,0.19733,0.16063,0.10791,0.91233,1.81177,2.45743,1.15204,0.0077032,0.0077032,0.0077032
118,3246.94,0.84134,1.37186,1.44608,1.02579,0.32671,0.19941,0.15629,0.11259,0.32844,0.20084,0.15807,0.10655,0.92171,1.79321,2.48748,1.15801,0.0076834,0.0076834,0.0076834
119,3273.41,0.83938,1.37752,1.44245,1.02632,0.30373,0.20571,0.16336,0.11779,0.30368,0.20929,0.16576,0.11185,0.91163,1.77902,2.44819,1.14848,0.0076636,0.0076636,0.0076636
120,3299.28,0.82371,1.35696,1.44629,1.02274,0.31433,0.21233,0.16866,0.1234,0.32651,0.21111,0.17033,0.11676,0.89491,1.7776,2.38393,1.13158,0.0076438,0.0076438,0.0076438
121,3325.56,0.83544,1.3664,1.4469,1.02077,0.31814,0.1947,0.16059,0.1172,0.33039,0.19215,0.16245,0.11105,0.90551,1.77475,2.4175,1.14014,0.007624,0.007624,0.007624
122,3351.65,0.82179,1.32863,1.43726,1.01659,0.32169,0.19814,0.16219,0.1192,0.32817,0.19545,0.16383,0.11275,0.89249,1.76843,2.38823,1.13406,0.0076042,0.0076042,0.0076042
123,3377.93,0.83263,1.36469,1.45475,1.02259,0.32135,0.20238,0.16137,0.11726,0.32919,0.20028,0.16308,0.11033,0.89813,1.79236,2.36992,1.14093,0.0075844,0.0075844,0.0075844
124,3404.23,0.82559,1.34812,1.41708,1.02278,0.31955,0.21186,0.16385,0.11808,0.32401,0.20868,0.16521,0.11176,0.89373,1.80537,2.3659,1.13585,0.0075646,0.0075646,0.0075646
125,3430.07,0.82486,1.36278,1.41737,1.01777,0.3006,0.21035,0.16311,0.11773,0.30079,0.21143,0.16534,0.1122,0.90692,1.79967,2.43415,1.14774,0.0075448,0.0075448,0.0075448
126,3456.3,0.81837,1.33909,1.41281,1.02081,0.33457,0.20132,0.16885,0.12355,0.33928,0.20145,0.16902,0.11689,0.90555,1.8018,2.39907,1.14591,0.007525,0.007525,0.007525
127,3482.5,0.80813,1.34304,1.40784,1.01543,0.30298,0.20841,0.17147,0.12671,0.30707,0.20933,0.17421,0.1208,0.90071,1.7767,2.37082,1.14033,0.0075052,0.0075052,0.0075052
128,3508.93,0.81426,1.33474,1.40195,1.0158,0.31159,0.20311,0.16821,0.12304,0.31527,0.20344,0.17052,0.11705,0.90058,1.75511,2.36564,1.13833,0.0074854,0.0074854,0.0074854
129,3535.02,0.83184,1.35975,1.3908,1.01487,0.31087,0.20734,0.16317,0.11815,0.3146,0.20823,0.16572,0.11153,0.90463,1.79776,2.42177,1.14175,0.0074656,0.0074656,0.0074656
130,3561.22,0.81036,1.31861,1.37759,1.01162,0.31993,0.21514,0.17052,0.12488,0.32441,0.21521,0.17325,0.11807,0.89551,1.75588,2.40542,1.13971,0.0074458,0.0074458,0.0074458
131,3587.51,0.80376,1.30834,1.35659,1.01388,0.32355,0.20501,0.17188,0.1259,0.32684,0.20625,0.17485,0.11855,0.90449,1.74987,2.41581,1.1394,0.007426,0.007426,0.007426
132,3613.52,0.79797,1.30444,1.36835,1.00482,0.3287,0.20476,0.17127,0.12491,0.33488,0.20556,0.17353,0.11804,0.90201,1.80132,2.41468,1.14863,0.0074062,0.0074062,0.0074062
133,3639.91,0.82803,1.33255,1.35106,1.00884,0.30732,0.21642,0.17179,0.12509,0.32759,0.21044,0.17421,0.11826,0.89796,1.78211,2.34832,1.1417,0.0073864,0.0073864,0.0073864
134,3665.93,0.82363,1.35399,1.38583,1.01355,0.29093,0.20663,0.16753,0.12184,0.32549,0.19934,0.16946,0.11608,0.90299,1.80321,2.40526,1.1471,0.0073666,0.0073666,0.0073666
135,3692.2,0.8279,1.3569,1.39296,1.01506,0.32088,0.20279,0.16322,0.11804,0.32684,0.20272,0.16555,0.11179,0.90559,1.79268,2.38102,1.14792,0.0073468,0.0073468,0.0073468
136,3718.46,0.81189,1.3437,1.40091,1.01918,0.2952,0.21147,0.16594,0.12246,0.30072,0.21166,0.16865,0.11646,0.88639,1.7391,2.36221,1.13463,0.007327,0.007327,0.007327
137,3744.5,0.80812,1.32373,1.40931,1.01041,0.31765,0.20283,0.17189,0.12604,0.32601,0.20007,0.17405,0.11939,0.88973,1.77013,2.38017,1.13656,0.0073072,0.0073072,0.0073072
138,3770.93,0.7855,1.29377,1.38774,1.00557,0.32868,0.20161,0.16731,0.12144,0.33165,0.20455,0.16889,0.11493,0.89974,1.7852,2.38482,1.14303,0.0072874,0.0072874,0.0072874
139,3796.96,0.79263,1.30466,1.35882,1.00921,0.33334,0.20164,0.17373,0.12563,0.3456,0.19913,0.17633,0.11939,0.89434,1.7704,2.34563,1.13968,0.0072676,0.0072676,0.0072676
140,3822.72,0.79215,1.2979,1.35661,1.00595,0.32285,0.21201,0.16618,0.12,0.33874,0.21281,0.17012,0.11467,0.90959,1.79058,2.42542,1.15488,0.0072478,0.0072478,0.0072478
141,3848.94,0.80042,1.31011,1.33985,1.00931,0.31876,0.20911,0.16788,0.12226,0.32844,0.20856,0.17096,0.11618,0.90424,1.81303,2.4192,1.15112,0.007228,0.007228,0.007228
142,3875.03,0.80304,1.30373,1.36116,1.00816,0.31136,0.21148,0.17353,0.1269,0.31709,0.2101,0.17686,0.1201,0.89646,1.77908,2.35461,1.14462,0.0072082,0.0072082,0.0072082
143,3901.21,0.80387,1.31362,1.32743,1.00218,0.32524,0.19708,0.16862,0.12394,0.33009,0.20129,0.17257,0.11762,0.89898,1.77487,2.38771,1.14447,0.0071884,0.0071884,0.0071884
144,3927.18,0.82379,1.34336,1.32504,1.00898,0.29814,0.21306,0.16797,0.12269,0.30475,0.21373,0.17067,0.11647,0.90184,1.80401,2.38433,1.14419,0.0071686,0.0071686,0.0071686
145,3953.32,0.7892,1.28889,1.31942,1.00062,0.28868,0.20929,0.16405,0.1197,0.29343,0.21103,0.1673,0.11411,0.90179,1.7885,2.40897,1.14731,0.0071488,0.0071488,0.0071488
146,3979.58,0.79204,1.27868,1.33323,1.00414,0.29889,0.20182,0.16911,0.12428,0.31005,0.20109,0.1726,0.11864,0.89982,1.76836,2.39288,1.14461,0.007129,0.007129,0.007129
147,4005.56,0.80529,1.32669,1.33978,1.00479,0.3044,0.20976,0.17072,0.12568,0.31288,0.21021,0.17433,0.1203,0.90127,1.77751,2.40803,1.14485,0.0071092,0.0071092,0.0071092
148,4031.52,0.79647,1.29908,1.32607,1.00437,0.30962,0.21299,0.17251,0.12658,0.319,0.21183,0.17538,0.12132,0.90084,1.79028,2.41179,1.14632,0.0070894,0.0070894,0.0070894
149,4057.41,0.78636,1.2827,1.34508,1.00602,0.30538,0.20576,0.1685,0.12234,0.31216,0.20687,0.17254,0.1174,0.90416,1.79678,2.4233,1.14923,0.0070696,0.0070696,0.0070696
150,4083.47,0.79454,1.28522,1.29484,1.00015,0.29918,0.21212,0.17016,0.12382,0.30437,0.21195,0.17388,0.11827,0.90212,1.78354,2.39621,1.14648,0.0070498,0.0070498,0.0070498
151,4109.75,0.81065,1.30623,1.3139,1.00017,0.29359,0.21445,0.1713,0.12485,0.29816,0.21442,0.17426,0.11878,0.89934,1.78381,2.37166,1.14296,0.00703,0.00703,0.00703
152,4135.56,0.79845,1.30575,1.32958,1.00407,0.30374,0.22008,0.17293,0.12696,0.30791,0.22029,0.17606,0.1206,0.89836,1.78745,2.37146,1.14192,0.0070102,0.0070102,0.0070102
153,4161.6,0.79393,1.29386,1.34019,1.00736,0.31435,0.20884,0.17112,0.12553,0.31661,0.2107,0.1745,0.11903,0.90056,1.79024,2.39836,1.14641,0.0069904,0.0069904,0.0069904
154,4188,0.80002,1.30295,1.32391,1.00521,0.32165,0.20999,0.17118,0.1252,0.3299,0.20812,0.17435,0.11899,0.89574,1.78426,2.38346,1.14233,0.0069706,0.0069706,0.0069706
155,4214.14,0.78391,1.27707,1.32623,1.00364,0.29205,0.21749,0.17028,0.12399,0.29488,0.21985,0.17374,0.11774,0.90117,1.8175,2.41507,1.14771,0.0069508,0.0069508,0.0069508
156,4240.27,0.78128,1.28096,1.33479,1.00135,0.30188,0.21667,0.16999,0.12396,0.30725,0.21359,0.17248,0.11777,0.89973,1.80252,2.39599,1.14721,0.006931,0.006931,0.006931
157,4266.2,0.78918,1.27978,1.31778,1.00435,0.31154,0.20942,0.17094,0.12494,0.32634,0.20277,0.17486,0.11892,0.89965,1.78676,2.36174,1.14461,0.0069112,0.0069112,0.0069112
158,4292.09,0.80591,1.30842,1.31159,1.01004,0.30553,0.21157,0.17031,0.12388,0.31136,0.21106,0.17349,0.11763,0.8973,1.79349,2.37327,1.14504,0.0068914,0.0068914,0.0068914
159,4317.96,0.79129,1.28978,1.29427,1.00352,0.31396,0.20209,0.16868,0.12261,0.31952,0.20335,0.17199,0.11665,0.90463,1.80791,2.4169,1.15566,0.0068716,0.0068716,0.0068716
160,4343.83,0.78453,1.29021,1.31222,1.00473,0.31213,0.20855,0.17407,0.12621,0.3259,0.20537,0.17727,0.12019,0.89501,1.78463,2.37395,1.14533,0.0068518,0.0068518,0.0068518
161,4370.07,0.79698,1.31116,1.28243,1.00138,0.32198,0.2049,0.17173,0.12486,0.32615,0.20646,0.17499,0.11918,0.89515,1.79631,2.39956,1.14758,0.006832,0.006832,0.006832
162,4396.33,0.79094,1.30765,1.30107,1.00149,0.3061,0.20362,0.16819,0.12243,0.32138,0.19848,0.17155,0.11656,0.90608,1.82493,2.45027,1.15585,0.0068122,0.0068122,0.0068122
163,4422.58,0.79046,1.28937,1.30427,1.00403,0.32605,0.20275,0.16803,0.1216,0.32944,0.20293,0.17102,0.11604,0.90208,1.82023,2.4256,1.1511,0.0067924,0.0067924,0.0067924
164,4448.93,0.78687,1.27375,1.27825,0.99532,0.33427,0.20345,0.16762,0.12158,0.33933,0.20311,0.17055,0.11563,0.90399,1.81274,2.4206,1.15035,0.0067726,0.0067726,0.0067726
165,4475.03,0.79329,1.29141,1.28365,0.99588,0.31385,0.22098,0.17385,0.12724,0.31644,0.22051,0.17628,0.12104,0.8912,1.78733,2.35588,1.14243,0.0067528,0.0067528,0.0067528
166,4501.22,0.78512,1.27476,1.23945,0.99564,0.33442,0.20602,0.17305,0.12584,0.33726,0.20666,0.17497,0.11934,0.90175,1.81299,2.40815,1.15164,0.006733,0.006733,0.006733
167,4527.04,0.78595,1.28124,1.28294,1.00154,0.33008,0.2046,0.17172,0.12449,0.33339,0.20588,0.17489,0.11831,0.90975,1.82505,2.41805,1.15828,0.0067132,0.0067132,0.0067132
168,4553.09,0.78477,1.27389,1.25096,0.99609,0.3143,0.20324,0.1708,0.12422,0.32172,0.20061,0.17381,0.11825,0.90494,1.81636,2.40778,1.1544,0.0066934,0.0066934,0.0066934
169,4579.27,0.78632,1.27656,1.25318,0.99227,0.31806,0.20309,0.16797,0.12262,0.32446,0.20184,0.17088,0.11682,0.90173,1.81231,2.41805,1.15205,0.0066736,0.0066736,0.0066736
170,4604.87,0.78102,1.27381,1.28251,0.99519,0.31268,0.20769,0.17097,0.12482,0.31616,0.20755,0.17399,0.11922,0.90283,1.82228,2.39878,1.1527,0.0066538,0.0066538,0.0066538
171,4630.83,0.7813,1.26306,1.2701,0.99747,0.30533,0.21157,0.17017,0.12375,0.30716,0.2125,0.17321,0.11819,0.90597,1.82589,2.43182,1.15608,0.006634,0.006634,0.006634
172,4656.73,0.79331,1.2793,1.26977,0.99968,0.31191,0.19973,0.16579,0.12058,0.31513,0.20177,0.16942,0.11515,0.90883,1.83354,2.45382,1.15864,0.0066142,0.0066142,0.0066142
173,4682.98,0.76755,1.24879,1.26678,0.99514,0.30088,0.2069,0.16676,0.12186,0.30451,0.20926,0.17032,0.11616,0.9051,1.81721,2.44554,1.15474,0.0065944,0.0065944,0.0065944
174,4708.91,0.77123,1.24928,1.26261,0.99611,0.3091,0.20438,0.16796,0.1219,0.31342,0.20612,0.17116,0.11627,0.90651,1.80811,2.42769,1.15435,0.0065746,0.0065746,0.0065746
175,4734.68,0.78792,1.29752,1.25257,1.00006,0.30306,0.209,0.16634,0.12063,0.30701,0.21128,0.17095,0.1151,0.91335,1.8242,2.45147,1.15967,0.0065548,0.0065548,0.0065548
176,4760.86,0.78344,1.26609,1.2372,0.99579,0.31471,0.20251,0.1691,0.12323,0.33095,0.19919,0.1732,0.11746,0.90961,1.81208,2.44223,1.15697,0.006535,0.006535,0.006535
177,4786.87,0.78039,1.25964,1.23371,0.9921,0.31789,0.19563,0.17037,0.12463,0.32505,0.19714,0.17495,0.11888,0.91063,1.82534,2.45033,1.15941,0.0065152,0.0065152,0.0065152
178,4812.91,0.80279,1.29725,1.2623,0.9972,0.32404,0.19587,0.17039,0.12499,0.33138,0.19766,0.17449,0.11925,0.90969,1.81915,2.43829,1.15767,0.0064954,0.0064954,0.0064954
179,4839.16,0.78019,1.25602,1.23203,0.99091,0.31849,0.19121,0.16861,0.12346,0.32436,0.1945,0.17331,0.11766,0.91367,1.82696,2.45281,1.16044,0.0064756,0.0064756,0.0064756
180,4865.19,0.78063,1.27739,1.2614,0.98755,0.29824,0.19977,0.16937,0.12404,0.30743,0.19928,0.1741,0.11842,0.91048,1.81184,2.42609,1.15789,0.0064558,0.0064558,0.0064558
181,4891.3,0.79494,1.29393,1.24895,0.99751,0.29395,0.20298,0.16733,0.1222,0.29878,0.20451,0.17183,0.1165,0.90806,1.81481,2.41214,1.15817,0.006436,0.006436,0.006436
182,4917.47,0.77697,1.26032,1.26832,0.99756,0.30537,0.20529,0.17118,0.1253,0.31181,0.20628,0.17595,0.11951,0.90422,1.81467,2.40663,1.15374,0.0064162,0.0064162,0.0064162
183,4943.46,0.78274,1.25662,1.24774,0.99442,0.29288,0.2081,0.1711,0.12548,0.32142,0.19753,0.17606,0.11986,0.90799,1.82378,2.42938,1.15786,0.0063964,0.0063964,0.0063964
184,4969.62,0.76154,1.23229,1.20634,0.98614,0.28075,0.2069,0.17027,0.12439,0.28795,0.20771,0.17544,0.11895,0.90954,1.83279,2.43951,1.15954,0.0063766,0.0063766,0.0063766
185,4995.35,0.78272,1.26257,1.21606,0.99385,0.27731,0.21115,0.17106,0.12532,0.28345,0.21325,0.17623,0.1196,0.90949,1.8401,2.44404,1.15955,0.0063568,0.0063568,0.0063568
186,5021.3,0.77875,1.25981,1.2486,0.99604,0.30258,0.20403,0.16962,0.12413,0.31055,0.20471,0.17464,0.11799,0.90558,1.83693,2.44027,1.15566,0.006337,0.006337,0.006337
187,5047.01,0.78091,1.25617,1.20739,0.98885,0.29644,0.21269,0.17083,0.12484,0.30096,0.21567,0.17535,0.11867,0.90692,1.84167,2.45483,1.15791,0.0063172,0.0063172,0.0063172
188,5072.82,0.75977,1.22713,1.22372,0.98904,0.29605,0.2075,0.17112,0.12551,0.30128,0.20804,0.17505,0.11897,0.9021,1.83003,2.42454,1.15284,0.0062974,0.0062974,0.0062974
189,5098.95,0.77961,1.26535,1.26023,1.00021,0.29523,0.21032,0.17069,0.12501,0.29937,0.2117,0.17514,0.11887,0.9038,1.82667,2.41613,1.15427,0.0062776,0.0062776,0.0062776
190,5124.88,0.77852,1.25037,1.20559,0.98834,0.28418,0.20918,0.17018,0.12434,0.30217,0.20657,0.17477,0.118,0.90487,1.83,2.41992,1.15581,0.0062578,0.0062578,0.0062578
191,5151.06,0.77386,1.25005,1.20858,0.98815,0.30281,0.20468,0.16945,0.12333,0.30855,0.20619,0.17366,0.11696,0.90911,1.83557,2.42958,1.15987,0.006238,0.006238,0.006238
192,5176.77,0.76705,1.24188,1.18886,0.98476,0.28371,0.20462,0.16998,0.12367,0.28852,0.2052,0.17412,0.11756,0.91076,1.838,2.4432,1.1618,0.0062182,0.0062182,0.0062182
193,5202.64,0.76696,1.23261,1.21986,0.98923,0.27646,0.21029,0.16861,0.12258,0.2851,0.20633,0.17281,0.11666,0.91415,1.84159,2.4625,1.16533,0.0061984,0.0061984,0.0061984
194,5228.6,0.76306,1.2533,1.20063,0.98475,0.27922,0.21016,0.16936,0.12377,0.2858,0.20817,0.17311,0.11792,0.91009,1.83377,2.45449,1.16069,0.0061786,0.0061786,0.0061786
195,5254.37,0.77126,1.23742,1.22018,0.99012,0.28418,0.20941,0.16949,0.12414,0.29235,0.20802,0.17315,0.1177,0.90921,1.83839,2.45358,1.15969,0.0061588,0.0061588,0.0061588
196,5280.08,0.78117,1.24373,1.19898,0.99226,0.2886,0.20806,0.17036,0.12457,0.2916,0.20704,0.17397,0.11863,0.90791,1.82896,2.44182,1.15866,0.006139,0.006139,0.006139
197,5305.83,0.75904,1.2292,1.2033,0.98668,0.29458,0.20598,0.17092,0.12454,0.29896,0.20588,0.17419,0.11851,0.9111,1.84229,2.45931,1.16133,0.0061192,0.0061192,0.0061192
198,5331.77,0.76761,1.24074,1.18988,0.98596,0.27646,0.21089,0.17019,0.12455,0.27947,0.21187,0.1735,0.11856,0.90818,1.83827,2.4494,1.15879,0.0060994,0.0060994,0.0060994
199,5358.02,0.7709,1.24998,1.22055,0.9828,0.28817,0.21302,0.17102,0.12542,0.29174,0.21323,0.17458,0.1194,0.90615,1.82851,2.43607,1.15621,0.0060796,0.0060796,0.0060796
200,5383.85,0.77903,1.26444,1.19489,0.98966,0.28999,0.21369,0.17168,0.12553,0.29425,0.2145,0.175,0.1197,0.90801,1.83745,2.44209,1.15828,0.0060598,0.0060598,0.0060598
201,5409.68,0.77337,1.25062,1.19092,0.98781,0.28251,0.21453,0.1711,0.12536,0.28838,0.21247,0.17468,0.11958,0.90905,1.83442,2.44977,1.15998,0.00604,0.00604,0.00604
202,5435.6,0.75383,1.21797,1.19443,0.98668,0.28862,0.20865,0.17081,0.12541,0.30432,0.20875,0.17448,0.11941,0.90704,1.83532,2.44706,1.15905,0.0060202,0.0060202,0.0060202
203,5461.33,0.76851,1.24202,1.19785,0.98854,0.30296,0.20881,0.17109,0.12558,0.30677,0.21053,0.17478,0.11941,0.90839,1.83701,2.44554,1.15992,0.0060004,0.0060004,0.0060004
204,5487.36,0.77389,1.23433,1.17319,0.99195,0.30093,0.20777,0.17069,0.12511,0.30504,0.20882,0.17457,0.11904,0.90948,1.83778,2.4461,1.16093,0.0059806,0.0059806,0.0059806
205,5513.25,0.7673,1.23069,1.15814,0.98448,0.30461,0.20682,0.17099,0.12499,0.30894,0.20675,0.17419,0.11931,0.90902,1.84016,2.44786,1.16079,0.0059608,0.0059608,0.0059608
206,5539.07,0.77104,1.24797,1.18588,0.98312,0.29846,0.2089,0.1717,0.12592,0.30129,0.20933,0.17492,0.12005,0.9093,1.84688,2.44993,1.16088,0.005941,0.005941,0.005941
207,5565.05,0.75611,1.22197,1.17368,0.9814,0.31103,0.20303,0.17205,0.1263,0.3138,0.20465,0.17512,0.12034,0.91079,1.85006,2.45599,1.16161,0.0059212,0.0059212,0.0059212
208,5590.81,0.76204,1.23588,1.18539,0.98074,0.29879,0.21123,0.16959,0.12377,0.30168,0.21247,0.17298,0.11796,0.91024,1.8492,2.46225,1.16093,0.0059014,0.0059014,0.0059014
209,5616.91,0.7737,1.23533,1.17194,0.98354,0.28955,0.21196,0.16994,0.12441,0.2921,0.21375,0.17333,0.11854,0.90934,1.8468,2.45476,1.1597,0.0058816,0.0058816,0.0058816
210,5642.61,0.75599,1.21221,1.17239,0.97989,0.29997,0.21096,0.17165,0.12641,0.30392,0.2113,0.17554,0.12028,0.9084,1.84883,2.454,1.1597,0.0058618,0.0058618,0.0058618
211,5668.54,0.7861,1.26259,1.18344,0.98878,0.30496,0.20956,0.172,0.12635,0.31109,0.20837,0.17548,0.12028,0.90966,1.85584,2.4652,1.16177,0.005842,0.005842,0.005842
212,5694.62,0.76572,1.23694,1.16987,0.98666,0.31458,0.20562,0.17229,0.12645,0.31873,0.2051,0.17525,0.12039,0.91026,1.85743,2.45945,1.16258,0.0058222,0.0058222,0.0058222
213,5720.38,0.77365,1.24761,1.18292,0.98379,0.30922,0.20534,0.17128,0.12563,0.31223,0.20604,0.17441,0.11978,0.91089,1.85696,2.46237,1.1638,0.0058024,0.0058024,0.0058024
214,5746.43,0.76249,1.22747,1.16341,0.98164,0.30005,0.20922,0.17138,0.12576,0.3082,0.20793,0.17475,0.11971,0.90942,1.85197,2.4559,1.16255,0.0057826,0.0057826,0.0057826
215,5772.23,0.76056,1.22119,1.16625,0.98034,0.29726,0.2117,0.1711,0.12573,0.30089,0.21201,0.17425,0.11994,0.90766,1.84773,2.44709,1.16074,0.0057628,0.0057628,0.0057628
216,5798.26,0.77519,1.23346,1.17487,0.98619,0.28251,0.21359,0.17069,0.1254,0.30822,0.2074,0.17409,0.11938,0.90859,1.85208,2.4491,1.16152,0.005743,0.005743,0.005743
217,5824.1,0.75512,1.20372,1.17612,0.9843,0.28358,0.21503,0.17066,0.12523,0.28651,0.21553,0.17425,0.1193,0.91011,1.85658,2.45262,1.16307,0.0057232,0.0057232,0.0057232
218,5849.88,0.75909,1.22153,1.18306,0.98584,0.28798,0.21122,0.17079,0.12574,0.2925,0.21228,0.17448,0.11983,0.91031,1.85685,2.4504,1.16312,0.0057034,0.0057034,0.0057034
219,5875.42,0.76666,1.22964,1.17001,0.98543,0.30237,0.20889,0.1706,0.12519,0.3051,0.2106,0.17432,0.1194,0.91064,1.85409,2.4538,1.16301,0.0056836,0.0056836,0.0056836
220,5901.37,0.75525,1.2154,1.15342,0.98222,0.29664,0.21436,0.1703,0.12531,0.30087,0.21498,0.174,0.11957,0.91097,1.85505,2.45655,1.16302,0.0056638,0.0056638,0.0056638
221,5927.07,0.74866,1.19561,1.14452,0.97584,0.3101,0.21305,0.17071,0.12547,0.31248,0.21449,0.17395,0.11946,0.9112,1.85777,2.45766,1.16353,0.005644,0.005644,0.005644
222,5952.87,0.77029,1.23453,1.17283,0.98947,0.31947,0.20521,0.17089,0.12585,0.3238,0.20586,0.17435,0.11992,0.91029,1.85741,2.45968,1.16275,0.0056242,0.0056242,0.0056242
223,5978.67,0.74949,1.19154,1.13182,0.97656,0.31425,0.20576,0.17046,0.12561,0.32481,0.20316,0.17404,0.11963,0.91072,1.85913,2.46122,1.1636,0.0056044,0.0056044,0.0056044
224,6004.53,0.76764,1.23296,1.15415,0.98303,0.31514,0.20521,0.17101,0.12599,0.32363,0.20384,0.17466,0.12021,0.90946,1.8578,2.46084,1.16285,0.0055846,0.0055846,0.0055846
225,6030.36,0.75347,1.21715,1.15857,0.98565,0.3154,0.2034,0.17112,0.12587,0.32134,0.2033,0.17468,0.12026,0.91097,1.86413,2.46715,1.1646,0.0055648,0.0055648,0.0055648
226,6056.33,0.73911,1.19106,1.15962,0.97714,0.31517,0.20371,0.17111,0.12575,0.32174,0.20314,0.17477,0.11987,0.91109,1.86368,2.46652,1.16431,0.005545,0.005545,0.005545
227,6082.27,0.74038,1.18059,1.14074,0.97535,0.30879,0.20921,0.17166,0.12636,0.31543,0.20881,0.1757,0.12062,0.90984,1.86115,2.46001,1.16319,0.0055252,0.0055252,0.0055252
228,6108,0.75171,1.20331,1.14837,0.98368,0.31317,0.20465,0.17001,0.12488,0.31766,0.2067,0.1741,0.11933,0.91023,1.86306,2.45805,1.16333,0.0055054,0.0055054,0.0055054
229,6133.65,0.76173,1.22357,1.15467,0.98258,0.31943,0.19924,0.16873,0.12364,0.32426,0.20138,0.17298,0.11806,0.91224,1.86578,2.46269,1.16562,0.0054856,0.0054856,0.0054856
230,6159.63,0.74795,1.20458,1.15478,0.97737,0.30457,0.20491,0.16845,0.12364,0.31961,0.20614,0.17276,0.11814,0.91193,1.86601,2.46454,1.16576,0.0054658,0.0054658,0.0054658
231,6185.17,0.75448,1.22141,1.14241,0.97816,0.30038,0.20674,0.16844,0.1233,0.30584,0.20771,0.17259,0.11793,0.9138,1.87209,2.47357,1.16785,0.005446,0.005446,0.005446
232,6211.31,0.74763,1.20184,1.15743,0.97615,0.29642,0.20998,0.16821,0.12309,0.3045,0.20968,0.17225,0.11764,0.91451,1.87439,2.47959,1.16846,0.0054262,0.0054262,0.0054262
233,6237.1,0.75827,1.22803,1.14106,0.97998,0.2956,0.21079,0.1686,0.1234,0.30279,0.21129,0.17307,0.1181,0.91418,1.87546,2.47966,1.16845,0.0054064,0.0054064,0.0054064
234,6262.97,0.76984,1.24624,1.13532,0.98147,0.29655,0.21085,0.16869,0.12339,0.30256,0.21288,0.17285,0.11788,0.91409,1.87245,2.47672,1.16811,0.0053866,0.0053866,0.0053866
235,6289.07,0.74206,1.18942,1.14194,0.97769,0.29827,0.20863,0.16865,0.1234,0.30351,0.21043,0.17313,0.11807,0.91375,1.87654,2.47799,1.16773,0.0053668,0.0053668,0.0053668
236,6314.75,0.74219,1.18145,1.13474,0.97804,0.29761,0.20914,0.16885,0.12388,0.30264,0.21161,0.17333,0.11843,0.91291,1.87332,2.47597,1.16719,0.005347,0.005347,0.005347
237,6340.46,0.74595,1.18869,1.13191,0.97464,0.27231,0.21487,0.16913,0.1241,0.27769,0.21656,0.1735,0.11859,0.91241,1.87461,2.47334,1.16674,0.0053272,0.0053272,0.0053272
238,6366.25,0.74854,1.20807,1.12294,0.97563,0.28771,0.20863,0.16856,0.12335,0.29204,0.20946,0.17242,0.11781,0.91289,1.8755,2.47626,1.16721,0.0053074,0.0053074,0.0053074
239,6392.04,0.75569,1.23149,1.14348,0.97927,0.27116,0.20725,0.168,0.1229,0.27986,0.20616,0.172,0.11732,0.91248,1.87531,2.47758,1.1671,0.0052876,0.0052876,0.0052876
240,6418.01,0.74068,1.19094,1.12305,0.9722,0.27505,0.20715,0.1682,0.12276,0.27866,0.20988,0.17222,0.11727,0.91314,1.87757,2.47795,1.16783,0.0052678,0.0052678,0.0052678
241,6443.93,0.75023,1.19143,1.12797,0.97866,0.26366,0.21274,0.16838,0.12301,0.27986,0.21348,0.17239,0.11738,0.91366,1.87919,2.47739,1.16789,0.005248,0.005248,0.005248
242,6469.83,0.75526,1.2047,1.13453,0.97838,0.26423,0.21227,0.16813,0.12273,0.26814,0.21409,0.17211,0.11714,0.91421,1.88144,2.48295,1.16878,0.0052282,0.0052282,0.0052282
243,6495.68,0.74641,1.18914,1.12432,0.97634,0.26333,0.21346,0.16833,0.12297,0.26721,0.21384,0.17208,0.11728,0.91415,1.88156,2.48064,1.16868,0.0052084,0.0052084,0.0052084
244,6521.66,0.74785,1.19266,1.10856,0.97513,0.26499,0.21344,0.16835,0.12305,0.26814,0.21442,0.17176,0.11727,0.91397,1.88354,2.48124,1.16912,0.0051886,0.0051886,0.0051886
245,6547.86,0.75637,1.20759,1.11593,0.97574,0.26043,0.2143,0.16817,0.12304,0.26482,0.21576,0.17184,0.11728,0.9146,1.88579,2.48119,1.16945,0.0051688,0.0051688,0.0051688
246,6573.53,0.73396,1.157,1.10785,0.97237,0.2581,0.21257,0.16833,0.1231,0.26158,0.21436,0.17199,0.11735,0.91497,1.88414,2.48296,1.16947,0.005149,0.005149,0.005149
247,6599.23,0.76822,1.22777,1.13355,0.98215,0.25719,0.21197,0.16808,0.12291,0.26117,0.21311,0.17166,0.1172,0.91472,1.88542,2.48184,1.16941,0.0051292,0.0051292,0.0051292
248,6625.21,0.73659,1.17646,1.10382,0.97654,0.25615,0.21471,0.16799,0.12279,0.26125,0.21382,0.17168,0.11699,0.91609,1.8873,2.48861,1.17085,0.0051094,0.0051094,0.0051094
249,6651.05,0.73455,1.18069,1.10957,0.97105,0.25828,0.21253,0.16799,0.123,0.26292,0.21208,0.17184,0.11706,0.91706,1.89124,2.49111,1.17179,0.0050896,0.0050896,0.0050896
250,6677.01,0.75226,1.20172,1.08859,0.97251,0.25983,0.21163,0.16796,0.12317,0.26375,0.21192,0.17172,0.11717,0.91689,1.8911,2.49152,1.17181,0.0050698,0.0050698,0.0050698
251,6702.94,0.76085,1.21461,1.10655,0.97588,0.26197,0.21301,0.16809,0.1231,0.26608,0.21404,0.17184,0.11736,0.91722,1.89078,2.48976,1.17194,0.00505,0.00505,0.00505
252,6728.63,0.74058,1.20719,1.12629,0.9716,0.26472,0.2099,0.16917,0.12414,0.26973,0.21158,0.17306,0.11834,0.91767,1.88951,2.4881,1.17258,0.0050302,0.0050302,0.0050302
253,6754.77,0.73835,1.1844,1.10034,0.9697,0.2617,0.21409,0.16854,0.12355,0.26561,0.21588,0.17233,0.11775,0.91792,1.89203,2.48901,1.17308,0.0050104,0.0050104,0.0050104
254,6780.63,0.75574,1.20907,1.11509,0.97482,0.26319,0.21198,0.16813,0.12323,0.26824,0.21353,0.17185,0.11745,0.91839,1.89284,2.49014,1.17339,0.0049906,0.0049906,0.0049906
255,6806.72,0.74811,1.20137,1.10209,0.97241,0.25233,0.21079,0.16785,0.12287,0.26644,0.21198,0.17176,0.11714,0.91869,1.89483,2.49222,1.17393,0.0049708,0.0049708,0.0049708
256,6832.6,0.73627,1.17883,1.09504,0.97305,0.26509,0.20862,0.16829,0.12321,0.27213,0.20773,0.17232,0.11757,0.91863,1.89535,2.49312,1.17395,0.004951,0.004951,0.004951
257,6858.47,0.73284,1.1804,1.09973,0.96996,0.25224,0.21006,0.16833,0.12332,0.27051,0.20837,0.17243,0.11759,0.91904,1.89646,2.49274,1.17426,0.0049312,0.0049312,0.0049312
258,6884.44,0.74767,1.20397,1.12951,0.97996,0.26331,0.20841,0.16848,0.12331,0.26816,0.20949,0.17198,0.11755,0.91869,1.89523,2.48914,1.17396,0.0049114,0.0049114,0.0049114
259,6910.17,0.74549,1.18957,1.08663,0.97166,0.26028,0.20942,0.16914,0.12411,0.2668,0.20956,0.17259,0.11822,0.91917,1.89716,2.49146,1.1747,0.0048916,0.0048916,0.0048916
260,6936.12,0.73693,1.18322,1.08267,0.9715,0.26162,0.20906,0.17093,0.12571,0.2665,0.21062,0.17461,0.11973,0.91909,1.89883,2.49167,1.17458,0.0048718,0.0048718,0.0048718
261,6961.84,0.73184,1.16088,1.08869,0.97093,0.26155,0.20909,0.16887,0.12358,0.26889,0.20925,0.17235,0.11775,0.91998,1.90106,2.49241,1.17508,0.004852,0.004852,0.004852
262,6987.53,0.73438,1.1821,1.10098,0.9714,0.26033,0.20966,0.16865,0.12329,0.27053,0.20766,0.17221,0.11751,0.92036,1.9006,2.49277,1.17544,0.0048322,0.0048322,0.0048322
263,7013.47,0.7449,1.20052,1.08414,0.9675,0.25871,0.21116,0.16897,0.12363,0.26473,0.21116,0.17243,0.11786,0.92012,1.90396,2.49183,1.17541,0.0048124,0.0048124,0.0048124
264,7039.11,0.73767,1.20662,1.1043,0.97223,0.25848,0.21181,0.16952,0.12417,0.26366,0.21285,0.17289,0.11838,0.92039,1.90588,2.49069,1.17571,0.0047926,0.0047926,0.0047926
265,7064.89,0.75112,1.18788,1.08009,0.96831,0.25893,0.21176,0.16957,0.12437,0.26683,0.21162,0.17312,0.11856,0.92011,1.90245,2.48785,1.17556,0.0047728,0.0047728,0.0047728
